{
  "0": {
    "precision": 0.7385554425228891,
    "recall": 0.7378048780487805,
    "f1-score": 0.7381799694966955,
    "support": 984.0
  },
  "1": {
    "precision": 0.7463126843657817,
    "recall": 0.7470472440944882,
    "f1-score": 0.7466797835710772,
    "support": 1016.0
  },
  "accuracy": 0.7425,
  "macro avg": {
    "precision": 0.7424340634443354,
    "recall": 0.7424260610716343,
    "f1-score": 0.7424298765338864,
    "support": 2000.0
  },
  "weighted avg": {
    "precision": 0.7424961213790785,
    "recall": 0.7425,
    "f1-score": 0.7424978750464813,
    "support": 2000.0
  }
}